price_date,commodity,market,price_per_kg
2026-09-25,Avocado,Pune,175
2026-09-25,Avocado,Mumbai,215
2026-09-25,Avocado,Nashik,195
2026-09-25,Avocado,Bangalore,232
2026-09-25,Avocado,Delhi,252
2026-09-26,Avocado,Pune,178
2026-09-26,Avocado,Mumbai,218
2026-09-26,Avocado,Nashik,198
2026-09-26,Avocado,Bangalore,235
2026-09-26,Avocado,Delhi,255
2026-09-27,Avocado,Pune,176
2026-09-27,Avocado,Mumbai,216
2026-09-27,Avocado,Nashik,197
2026-09-27,Avocado,Bangalore,238
2026-09-27,Avocado,Delhi,257
2026-09-28,Avocado,Pune,179
2026-09-28,Avocado,Mumbai,219
2026-09-28,Avocado,Nashik,199
2026-09-28,Avocado,Bangalore,239
2026-09-28,Avocado,Delhi,259
2026-09-29,Avocado,Pune,180
2026-09-29,Avocado,Mumbai,220
2026-09-29,Avocado,Nashik,200
2026-09-29,Avocado,Bangalore,240
2026-09-29,Avocado,Delhi,260
